{"version":3,"hash":{"type":"Buffer","data":"iUa7nn6jsDOE8mjghkBRdVGBBaXkMOcNGg4zdq7Gvy3QEwgbqehJ6d0dM6WmVgnLRRzJf3cVOzKbdHulDsJeoUuTiXtsUrnSgrTGajxmLNMbBbZMehgx6AWB3zKl2aRDGlerjgc7t+Cj3f/cw7UcmbevKQyYQIWNXqUdMsbyzmM="},"indexValueMap":{"amwmCKxJZM7HvH8y6s5a5BJCYWMNwfOd9XmI6meXG1k=":{"valueMac":{"type":"Buffer","data":"vu+tS8OEUOlFZzlE4vYzCnRF5JI1TE12nxRvnN4tkb0="}},"h98X4byiPZb65R78uPMQuOkRTvqnQ0bL+vAL4CEb7Og=":{"valueMac":{"type":"Buffer","data":"74itgu6h6DjTh8ED1lpz7gPH8Jpy6rYVf/Ix+FXo23g="}},"ldZz4laimfj1ArKsqhKroE4MqDGAyv3Pi1RDo0mLd2g=":{"valueMac":{"type":"Buffer","data":"3jv5/t5XaousuAp0iZ7HdA/Hi0+JV3s8I8hbtNSbZLI="}},"dm9Wr5rXHfbCrB6J8q/4bC0ltL7jMxQ9mVpASm/j/yc=":{"valueMac":{"type":"Buffer","data":"nQ2p0B8jptACBm/L9QDUJw8yaUC3q1po8UeuUcAISwI="}},"99i63fLCXB4UlqYPR15HQXbfG0/B7Z4ZNjng4CG90xc=":{"valueMac":{"type":"Buffer","data":"n1W0pMzjouksE3ir+r1A1t4BRm3fJVqiXF1fV0BMcJo="}},"kHLLkZe/UW2m/lXzjY8FchC03f2evp7BXkqaW8oSvtk=":{"valueMac":{"type":"Buffer","data":"NH7uZORqqsgt+SYxNQGh4eHY0pq1WyyBU0khRgCO3GE="}},"KNOnl3gVmuY5p9waNrH/+18mC1Cc6Mw87rhaQMzbl7k=":{"valueMac":{"type":"Buffer","data":"mMEJbnXTA1WSOSf2AnhSxSLXHsW7oB3u7819sFtpCCg="}},"qT8shsL+5U15fKz4NbsbPeXzwJ+VyUVOYKQbJE59aUE=":{"valueMac":{"type":"Buffer","data":"VoG2RFKoAUKYXlH6e06WJ/LfhjTqz8P+LY8yF43n7zM="}},"jfTqkFawd14o0hz3VzhOR/1CC+/6ybBSi4XEAwSDmto=":{"valueMac":{"type":"Buffer","data":"xV2vdL8vmQc9CCMAKdV91XxvJrhB7STMXwufa+iHYDA="}},"/pb7NxLQovccMnE9ztVAUk6n3vFHHXw6+OuIkIzlClI=":{"valueMac":{"type":"Buffer","data":"0giy2mwlU6WZng9RN9qhzAZEn03YTDinDn0quATtQaM="}},"SpPzXK5Jls9SoQDVG7ilj4x1ZMnus1ucXaxz8N8eJZE=":{"valueMac":{"type":"Buffer","data":"p/x5n5dBXUU0qoLemXUiwhDOj7AP2Vi1dkX1sbDQtTI="}},"spotRAreEAAR7psS9mFvDpe3FzK+epd0SsVAw9FeFTM=":{"valueMac":{"type":"Buffer","data":"0RwlFWCV0LMZskjSSTAThy80DnGUa0JzucPp3B1qoUU="}},"/STFKNUwlP72A0azBPUE5mISI+JCVU7YUWONghcvG3A=":{"valueMac":{"type":"Buffer","data":"/OeEGfbt6wuWvLQR/Ids/an1wM3IRYEMQjYKxHkslbs="}},"/eSP+gwALCx3XZoRairDtDQT4oJcMNb51vMopONb+5M=":{"valueMac":{"type":"Buffer","data":"3shV6UqvyRdYk6yb2ZrxAX75Kyl57wskPU51YsPqKu4="}},"6XI2J5WKKMM/VsmV68TVFPN93YILi3uWE3MxRXIqawI=":{"valueMac":{"type":"Buffer","data":"I85SCTi98tdcssl1NkTwPDRXb9SgAtG0yeMLPvaVbOE="}},"EmJesNxQ1Eo7qiKugumTYluDDcrmO6oov/EmDBDTA9Q=":{"valueMac":{"type":"Buffer","data":"fcVvkWJw2SoiU5FtRHm1j5zsmAt6WyWhpPz/MeJ6z6o="}},"UOIilVSiEmo6AICcRx11gexJxeSPnswrkBsMaS39F/Y=":{"valueMac":{"type":"Buffer","data":"7FDTXLnXhuOWzenA8GbCzOgoEgG2aJ2WGwsYBGKgIOk="}},"zFOOPsqMOdvy3wnNIERM7XFoIUg/BG0GMNF8kDXrgKQ=":{"valueMac":{"type":"Buffer","data":"NTvuw56HxdGwi2JnohSviv2LRK02I0aQtC3/pUZ9C9A="}},"Dma3xwzTbfz+WBJevWJK94MR7VD/rdCzfAY21y2dCU8=":{"valueMac":{"type":"Buffer","data":"CHUCSFL7MAcVIXma2k6PNgp0F4s0rwK0nvqt6hoyKl8="}},"MDNr8zaKhCnFH5BcIgWnSgcSMsl5eyWYeIXQmZDGSdE=":{"valueMac":{"type":"Buffer","data":"xUqvzDGu7jjfZ51OMsaXqvmR19QZTxDXIKZaFygVtNw="}},"DDeYksJSFMdoID7dCRNCXKfjCHQs8YWXQS3SpG/iiRY=":{"valueMac":{"type":"Buffer","data":"TCsVVd1Fl3jszUJ7Fe2sYqZkmNlDHCbEDd4NlVUCFLk="}},"5Gyednagxqe5TdkFTq1QR0sTw9lAsar8tJRBCtO+ubs=":{"valueMac":{"type":"Buffer","data":"JrjtNti3InI5WdsL30AjACXxt+VHXAdal4BP9PPO00o="}},"jG0o74b0OQAxlMaItHFta5EJiOudSYtV8/Rft/1YYtk=":{"valueMac":{"type":"Buffer","data":"h2iup14PD3Ayyv9Gu2V2f+mwffY8Ctz5CXzo5kvjSjg="}},"am9oOEHnc9X5O8QG6WSboGqLYcA1YAa4t82O+w41JF8=":{"valueMac":{"type":"Buffer","data":"Es5a+EYufg5JwdNctuxQ3pGQTEMMKq4CHD1E3U59u8c="}},"mUHXjsKb96qgbSJolEgUkIoS31Y6rL6beznyTXG6fKc=":{"valueMac":{"type":"Buffer","data":"Vvj7NYDlCPDEyWVbLALzJ0yCFfS+2U3MiFd+1kgK6MM="}},"wyccqIuftD9Kz8D6yczXly2CCpCNqv5cUnMhuaBTRo0=":{"valueMac":{"type":"Buffer","data":"sT8BcvYIZsVnLt90fQVp9ZIazH8m+koT2JUEjg0ojuo="}},"88VDIaMhLvtXejZ3pcj8BgCQwm6lh07U9R5sm6mqGyM=":{"valueMac":{"type":"Buffer","data":"wAnnXfrlEybZVHqg+Mb64FKPRJ+D8//X1X28jQhaheY="}},"cFyHeK0CNCGilJ2x2GLp39MEFwjYDMfr15xct0uTH5U=":{"valueMac":{"type":"Buffer","data":"cqFO86pa/BqqJFx2Zv0N02L7kMpVlyXokriz8D1oWFc="}}}}