{"noiseKey":{"private":{"type":"Buffer","data":"gHaP8XGC31+Y9T3w//gVpbSDiwIDBvddEjXAc29cc10="},"public":{"type":"Buffer","data":"WSfRR8KJF+16mlAUiVQxYhSJ6sTJuM+JvE2Yr0owVzU="}},"pairingEphemeralKeyPair":{"private":{"type":"Buffer","data":"gCeYN1quKUyehXnxgoPqhogWRQFwINM8yFgZsJuhQEA="},"public":{"type":"Buffer","data":"S7IL+ztcIDi9D2XMP50ossoM2o38hOwT+wOzkrE2Zxo="}},"signedIdentityKey":{"private":{"type":"Buffer","data":"sOg89rlLVYYvmwUrbr9hqkzIKfPWY/jKgW2n+/mFXk4="},"public":{"type":"Buffer","data":"wC8YNtp85SsIEEjli8kFO5Tw8C2f4KN2ZpE0/zBDuAE="}},"signedPreKey":{"keyPair":{"private":{"type":"Buffer","data":"OIgsxiiHSPcN8u6qBIIkJ/nQcnG6DkNi2DQxQU6cnVQ="},"public":{"type":"Buffer","data":"bZyAt+DjLUi76SM+lTcZUcpoe5TPsMCKH7dxyEgtpwY="}},"signature":{"type":"Buffer","data":"zoOch7yb659oujn3j2+OQi2JfWqMyOZd1ih7aFsa0lYRhwNxAL7Ix8N+c3tGamSj+FqGkyn4PAv+rksz2aqajA=="},"keyId":1},"registrationId":225,"advSecretKey":"jIFNmdLNqJnXjcnjqM/oHI01S4nWdQARz5oH2GLT4WE=","processedHistoryMessages":[{"key":{"remoteJid":"5216633225758@s.whatsapp.net","fromMe":true,"id":"90D2AAC27FCE8236F1AAB584C014F40A"},"messageTimestamp":1729324624},{"key":{"remoteJid":"5216633225758@s.whatsapp.net","fromMe":true,"id":"463B2E6FFE0109308B0A63512E1F55F2"},"messageTimestamp":1729324624},{"key":{"remoteJid":"5216633225758@s.whatsapp.net","fromMe":true,"id":"B103213FB9B20A29E7922E5CB25CD783"},"messageTimestamp":1729324640}],"nextPreKeyId":31,"firstUnuploadedPreKeyId":31,"accountSyncCounter":1,"accountSettings":{"unarchiveChats":false},"deviceId":"9a9WJyzzQwWj4MF90iOnIQ","phoneId":"ad098b58-068c-4418-9000-aadaf94513ad","identityId":{"type":"Buffer","data":"LYVuIvHY2+cLCIrfZ8GDoz8KUII="},"registered":false,"backupToken":{"type":"Buffer","data":"wl5INd+ord1SlSCg7PoPZVl0Hls="},"registration":{},"account":{"details":"CMrcqesCEMbMzbgGGAEgACgA","accountSignatureKey":"OUjvh79FHXGkTOb/0q2vjXWN/8wUgEnezKLOqLkimRk=","accountSignature":"EZpw9ZREo1/E6crnGVwZkjmoaE79GLFvtuVrDmWBCc0ZxSU9oIWRzPAF7FlhjwM1K9HtzC3/wCJ15cPDqo2hAw==","deviceSignature":"b0l+nkUVUk1x3cJU5DUHqH/duy9GaCHGUSAWJFIMIYjI1x6HFr8ALjt2jXAPWKz06ojSyYvsDeI8xWf9ANfggg=="},"me":{"id":"5216633225758:16@s.whatsapp.net","name":"Miguel Ramos"},"signalIdentities":[{"identifier":{"name":"5216633225758:16@s.whatsapp.net","deviceId":0},"identifierKey":{"type":"Buffer","data":"BTlI74e/RR1xpEzm/9Ktr411jf/MFIBJ3syizqi5IpkZ"}}],"platform":"smba","lastAccountSyncTimestamp":1729324619,"myAppStateKeyId":"AAAAAFdh"}