{"_sessions":{"BWfWVi298mDmP2HCw2DRjjnu9ollQ39GvTKZcC/qSBFM":{"registrationId":212301343,"currentRatchet":{"ephemeralKeyPair":{"pubKey":"Bd5cmBEK1F35qq8omZqRJEYnvMlhWO4t2pm0ivG0dCpq","privKey":"KGSZLGV9TVV/ixOdC08B5PinOyIpvRNMdxEPAn+B4ko="},"lastRemoteEphemeralKey":"BXRAn4qieUcDBx1S7Jm9dfzFEVjiyHwE9N4OKNMnqjZv","previousCounter":0,"rootKey":"LQfVAZ1O9kxPIiLiMy1ucTmmQFsQ7h4xNQOzUV+U3SQ="},"indexInfo":{"baseKey":"BWfWVi298mDmP2HCw2DRjjnu9ollQ39GvTKZcC/qSBFM","baseKeyType":1,"closed":-1,"used":1729324673986,"created":1729324673986,"remoteIdentityKey":"BZ+k8SNnbwmr+ZnbKhWBpGEic85fw95gu08n/NT4gJY3"},"_chains":{"Bd5cmBEK1F35qq8omZqRJEYnvMlhWO4t2pm0ivG0dCpq":{"chainKey":{"counter":1,"key":"KeZUXj0fWzYyM7G5gHoDzFPS/4PAnszgpMYWgfLcpJw="},"chainType":1,"messageKeys":{}}},"pendingPreKey":{"signedKeyId":3,"baseKey":"BWfWVi298mDmP2HCw2DRjjnu9ollQ39GvTKZcC/qSBFM","preKeyId":943886}}},"version":"v1"}