{"_sessions":{"BamCD5pnyNuJG8KemFzCulDsodhtwdaqYe3rKYe79KoR":{"registrationId":40722658,"currentRatchet":{"ephemeralKeyPair":{"pubKey":"BTZ7GznbLRQWBJaQ0jgQ1GlUD5BXQBRRxzXgMEwsTrNR","privKey":"UFP5YQsNVsxKek/Nqmt+DWd5ZSiaD3O1QX2dHgav/UQ="},"lastRemoteEphemeralKey":"BSPo/ooi+rLHYcGxfTseDPnh50N45OGk7Xf9ecNNIfAD","previousCounter":0,"rootKey":"khz7Aw9ndIEPozPK+1JOkODB/v7RQS2wBhKyh/O8T9k="},"indexInfo":{"baseKey":"BamCD5pnyNuJG8KemFzCulDsodhtwdaqYe3rKYe79KoR","baseKeyType":2,"closed":-1,"used":1729324673615,"created":1729324673615,"remoteIdentityKey":"BRrc74jfo3tcAL0wpMyLui1kBrQyBiDgjV51qrJP+WhM"},"_chains":{"BSPo/ooi+rLHYcGxfTseDPnh50N45OGk7Xf9ecNNIfAD":{"chainKey":{"counter":0,"key":"pudpOavYVK0Tk7ub1Jwtq8Z8KIxqXR6XbHUZZcO8sAA="},"chainType":2,"messageKeys":{}},"BTZ7GznbLRQWBJaQ0jgQ1GlUD5BXQBRRxzXgMEwsTrNR":{"chainKey":{"counter":1,"key":"eHO87xh0cGlLovh8hHxGAkycW6FjvNplHSg1mZlFb80="},"chainType":1,"messageKeys":{}}}}},"version":"v1"}