{"_sessions":{"BarUXJ4QnuDSZzV8uO6stHtoH5uV0A9yCWbgb5DrXWkE":{"registrationId":1464310383,"currentRatchet":{"ephemeralKeyPair":{"pubKey":"BVSZXVUSS/K8ASehsJUNyIZvbMEF6ip9UBCeCN7w9ERQ","privKey":"8J2mqH/jRxH16DzCaq0s4WhMa6X3yUgo+mulw0RzZnQ="},"lastRemoteEphemeralKey":"BRhvWNYqrqry1UjS6+2bcigRq/we47+s8whFhhuFpKk4","previousCounter":0,"rootKey":"QAVlh/l2eB7L/8sFiacnHGJiQha07wgAwz+g88wJLWA="},"indexInfo":{"baseKey":"BarUXJ4QnuDSZzV8uO6stHtoH5uV0A9yCWbgb5DrXWkE","baseKeyType":2,"closed":-1,"used":1729324633442,"created":1729324633442,"remoteIdentityKey":"BTlI74e/RR1xpEzm/9Ktr411jf/MFIBJ3syizqi5IpkZ"},"_chains":{"BRhvWNYqrqry1UjS6+2bcigRq/we47+s8whFhhuFpKk4":{"chainKey":{"counter":6,"key":"9ilji5qRvooNSyssnZ9CspiHASKBZf/bzlpgjsqtJTk="},"chainType":2,"messageKeys":{}},"BVSZXVUSS/K8ASehsJUNyIZvbMEF6ip9UBCeCN7w9ERQ":{"chainKey":{"counter":1,"key":"/ZPe/0Vpy5+esB1Bqj59Jga+wzs8mWp0jOkIZeNDNcU="},"chainType":1,"messageKeys":{}}}}},"version":"v1"}